<?xml version="1.0" encoding="UTF-8" ?>
<XMLDB PATH="admin/tool/ischolar/db" VERSION="20210723" COMMENT="XMLDB file for Moodle admin/tool/ischolar"
    xmlns:xsi="http://www.w3.org/2001/XMLSchema-instance"
    xsi:noNamespaceSchemaLocation="../../../../lib/xmldb/xmldb.xsd"
>
  <TABLES>
    <TABLE NAME="tool_ischolar" COMMENT="Default comment for tool_ischolar, please edit me">
      <FIELDS>
        <FIELD NAME="id" TYPE="int" LENGTH="10" NOTNULL="true" SEQUENCE="true"/>
        <FIELD NAME="enabled" TYPE="int" LENGTH="1" NOTNULL="false" DEFAULT="0" SEQUENCE="false"/>
        <FIELD NAME="tokenischolar" TYPE="text" NOTNULL="true" SEQUENCE="false"/>
        <FIELD NAME="datetime" TYPE="char" LENGTH="20" NOTNULL="true" SEQUENCE="false"/>
      </FIELDS>
      <KEYS>
        <KEY NAME="primary" TYPE="primary" FIELDS="id"/>
      </KEYS>
    </TABLE>
  </TABLES>
</XMLDB>
